PD,Behavior_Score,Risk_Category
0.631636,670.8793353945086,Medium Risk
0.454952,691.6519408269677,Medium Risk
0.379325,700.6466334848776,Low Risk
0.540968,681.6995913710083,Medium Risk
0.493284,687.2137397103974,Medium Risk
