PD,Behavior_Score,Risk_Category
0.631636,670.879375,Medium
0.454952,691.651925,Medium
0.379325,700.646592,Low
0.540968,681.699544,Medium
0.493284,687.213767,Medium
